Month,Vegetable Crop,Harvest (kg)
January 2025,Kamatis,37.43
January 2025,Talong,39.56
January 2025,Okra,35.33
January 2025,Kangkong,88.31
January 2025,Pechay,182.47
January 2025,Mustasa,152.84
January 2025,Kalabasa,67.37
January 2025,Ampalaya,29.22
January 2025,Sitaw,32.11
January 2025,Sili,10.16
January 2025,Alugbati,44.11
January 2025,Lettuce,123.02
January 2025,Labanos,70.39
January 2025,Patola,17.67
January 2025,Gabi,26.78
January 2025,Saluyot,27.74
January 2025,Spinach,64.26
January 2025,Kalamansi,11.72
January 2025,Luya,7.99
January 2025,Malunggay,65.91
February 2025,Kamatis,42.63
February 2025,Talong,40.6
February 2025,Okra,37.54
February 2025,Kangkong,91.42
February 2025,Pechay,190.63
February 2025,Mustasa,162.19
February 2025,Kalabasa,79.26
February 2025,Ampalaya,30.74
February 2025,Sitaw,34.67
February 2025,Sili,13.01
February 2025,Alugbati,57.45
February 2025,Lettuce,116.3
February 2025,Patola,22.03
February 2025,Gabi,30.31
February 2025,Saluyot,35.46
February 2025,Spinach,69.96
February 2025,Kalamansi,13.65
February 2025,Luya,8.65
February 2025,Malunggay,70.93
March 2025,Kamatis,42.6
March 2025,Talong,55.42
March 2025,Okra,49.39
March 2025,Kangkong,99.58
March 2025,Pechay,161.54
March 2025,Mustasa,144.02
March 2025,Kalabasa,90.63
March 2025,Ampalaya,34.16
March 2025,Sitaw,39.79
March 2025,Sili,13.89
March 2025,Alugbati,59.86
March 2025,Lettuce,92.15
March 2025,Labanos,67.61
March 2025,Patola,24.63
March 2025,Gabi,32.25
March 2025,Saluyot,41.48
March 2025,Spinach,56.63
March 2025,Kalamansi,15.58
March 2025,Malunggay,82.69
April 2025,Kamatis,28.38
April 2025,Talong,48.32
April 2025,Okra,59.23
April 2025,Kangkong,123.88
April 2025,Pechay,128.6
April 2025,Mustasa,95.43
April 2025,Kalabasa,84.65
April 2025,Ampalaya,31.43
April 2025,Sitaw,45.22
April 2025,Sili,17.96
April 2025,Alugbati,70.89
April 2025,Lettuce,61.45
April 2025,Labanos,53.48
April 2025,Patola,28.62
April 2025,Gabi,35.59
April 2025,Saluyot,39.07
April 2025,Spinach,41.43
April 2025,Kalamansi,17.18
April 2025,Luya,8.76
April 2025,Malunggay,90.49
May 2025,Kamatis,18.53
May 2025,Talong,44.96
May 2025,Okra,56.24
May 2025,Kangkong,131.52
May 2025,Pechay,95.86
May 2025,Mustasa,72.12
May 2025,Kalabasa,78.43
May 2025,Ampalaya,28.41
May 2025,Sitaw,41.34
May 2025,Sili,14.34
May 2025,Alugbati,83.34
May 2025,Lettuce,36.86
May 2025,Labanos,33.1
May 2025,Patola,30.56
May 2025,Saluyot,46.67
May 2025,Spinach,34.48
May 2025,Kalamansi,20.76
May 2025,Luya,8.3
May 2025,Malunggay,95.67
June 2025,Kamatis,12.92
June 2025,Talong,30.99
June 2025,Okra,58.82
June 2025,Kangkong,140.96
June 2025,Pechay,71.56
June 2025,Mustasa,65.75
June 2025,Kalabasa,70.07
June 2025,Ampalaya,23.44
June 2025,Sitaw,33.08
June 2025,Sili,9.78
June 2025,Alugbati,73.15
June 2025,Lettuce,24.93
June 2025,Labanos,27.5
June 2025,Patola,28.54
June 2025,Gabi,41.51
June 2025,Saluyot,54.68
June 2025,Spinach,20.98
June 2025,Kalamansi,17.58
June 2025,Luya,8.14
June 2025,Malunggay,72.93
July 2025,Kamatis,7.43
July 2025,Talong,20.25
July 2025,Okra,54.25
July 2025,Kangkong,136.28
July 2025,Pechay,58.68
July 2025,Mustasa,52.05
July 2025,Kalabasa,52.06
July 2025,Ampalaya,18.22
July 2025,Sitaw,23.43
July 2025,Sili,11.77
July 2025,Alugbati,77.5
July 2025,Lettuce,12.63
July 2025,Labanos,26.27
July 2025,Patola,20.6
July 2025,Gabi,47.41
July 2025,Saluyot,46.78
July 2025,Spinach,14.43
July 2025,Kalamansi,19.57
July 2025,Luya,6.6
July 2025,Malunggay,75.91
August 2025,Kamatis,8.03
August 2025,Talong,18.96
August 2025,Okra,40.22
August 2025,Kangkong,152.24
August 2025,Pechay,50.58
August 2025,Mustasa,47.56
August 2025,Kalabasa,52.02
August 2025,Ampalaya,18.71
August 2025,Sitaw,21.65
August 2025,Sili,8.53
August 2025,Alugbati,57.54
August 2025,Lettuce,12.88
August 2025,Labanos,32.75
August 2025,Patola,19.49
August 2025,Gabi,44.05
August 2025,Saluyot,46.7
August 2025,Spinach,15.53
August 2025,Kalamansi,19.12
August 2025,Luya,5.18
August 2025,Malunggay,66.1
September 2025,Kamatis,13.57
September 2025,Talong,22.14
September 2025,Okra,46.84
September 2025,Kangkong,132.77
September 2025,Pechay,66.35
September 2025,Mustasa,82.96
September 2025,Kalabasa,60.34
September 2025,Ampalaya,20.35
September 2025,Sitaw,30.43
September 2025,Sili,9.46
September 2025,Alugbati,63.22
September 2025,Lettuce,37.69
September 2025,Labanos,35.79
September 2025,Patola,19.95
September 2025,Gabi,34.3
September 2025,Saluyot,46.99
September 2025,Spinach,32.16
September 2025,Kalamansi,16.39
September 2025,Luya,7.47
September 2025,Malunggay,68.77
October 2025,Kamatis,19.97
October 2025,Talong,30.28
October 2025,Okra,37.58
October 2025,Kangkong,132.82
October 2025,Pechay,115.13
October 2025,Mustasa,119.29
October 2025,Kalabasa,66.27
October 2025,Ampalaya,24.54
October 2025,Sitaw,32.32
October 2025,Sili,10.39
October 2025,Alugbati,52.33
October 2025,Lettuce,84.05
October 2025,Labanos,53.54
October 2025,Patola,22.33
October 2025,Gabi,35.96
October 2025,Saluyot,35.74
October 2025,Spinach,48.51
October 2025,Kalamansi,13.84
October 2025,Luya,8.26
October 2025,Malunggay,68.75
November 2025,Kamatis,28.55
November 2025,Talong,33.58
November 2025,Okra,28.87
November 2025,Kangkong,122.23
November 2025,Pechay,127.32
November 2025,Mustasa,113.59
November 2025,Kalabasa,56.55
November 2025,Ampalaya,24.08
November 2025,Sitaw,33.66
November 2025,Sili,11.85
November 2025,Alugbati,47.93
November 2025,Lettuce,93.78
November 2025,Labanos,57.45
November 2025,Patola,16.81
November 2025,Gabi,31.72
November 2025,Saluyot,34.06
November 2025,Spinach,61.08
November 2025,Kalamansi,12.01
November 2025,Luya,8.02
November 2025,Malunggay,74.87
December 2025,Kamatis,37.51
December 2025,Talong,37.54
December 2025,Okra,42.31
December 2025,Kangkong,98.21
December 2025,Pechay,134.47
December 2025,Mustasa,137.94
December 2025,Kalabasa,71.91
December 2025,Ampalaya,32.2
December 2025,Sitaw,29.24
December 2025,Sili,12.47
December 2025,Alugbati,42.93
December 2025,Lettuce,137.58
December 2025,Labanos,68.94
December 2025,Patola,17.32
December 2025,Gabi,24.16
December 2025,Saluyot,30.48
December 2025,Spinach,66.88
December 2025,Kalamansi,13.19
December 2025,Luya,8.0
December 2025,Malunggay,72.27
